task,DMA,metric,star_value,best_competitor,competitor_family,competitor_value,improvement,star_better
24h,A,MAE,0.806111779,GRU,sequence,0.738000000,-9.229238306,False
24h,B,MAE,0.264024708,STGCN,graph,0.313847658,15.874883572,True
24h,C,MAE,0.160766644,MSCMNet-WM,sequence,0.243000000,33.840887119,True
24h,D,MAE,2.016920150,DCRNN,graph,2.052405516,1.728964662,True
24h,E,MAE,1.257673222,DCRNN,graph,1.618217268,22.280323721,True
24h,F,MAE,0.625994673,DCRNN,graph,0.716340882,12.612181001,True
24h,G,MAE,0.810272858,DCRNN,graph,1.002271004,19.156310586,True
24h,H,MAE,1.255020520,GRU,sequence,1.526000000,17.757501966,True
24h,I,MAE,1.044814711,STGCN,graph,1.304556712,19.910364841,True
24h,J,MAE,1.182599940,DCRNN,graph,1.224056759,3.386837923,True
168h,A,MAE,0.859463475,MSCMNet-W,sequence,0.733000000,-17.252861460,False
168h,B,MAE,0.337333810,MSNet,sequence,0.383000000,11.923287180,True
168h,C,MAE,0.205171228,MSCMNet-WM,sequence,0.234000000,12.319988077,True
168h,D,MAE,2.302451877,LSTM,sequence,2.342000000,1.688647434,True
168h,E,MAE,2.090609088,MSCMNet-M,sequence,1.819000000,-14.931780561,False
168h,F,MAE,0.694555359,DCRNN,graph,0.767829787,9.543056124,True
168h,G,MAE,1.154754737,MSCMNet-M,sequence,1.069000000,-8.021958531,False
168h,H,MAE,1.533663666,GRU,sequence,1.655000000,7.331500550,True
168h,I,MAE,1.454464240,MSCMNet-WM,sequence,1.503000000,3.229258842,True
168h,J,MAE,1.601122920,STGCN,graph,1.967773160,18.632749343,True
24h,A,MAPE,12.412630360,GRU,sequence,11.800000000,-5.191782712,False
24h,B,MAPE,2.775096600,STGCN,graph,3.342059890,16.964486235,True
24h,C,MAPE,5.397896710,MSCMNet-WM,sequence,9.000000000,40.023369889,True
24h,D,MAPE,6.277783690,DCRNN,graph,6.366958380,1.400585408,True
24h,E,MAPE,1.556500410,DCRNN,graph,1.985245390,21.596573510,True
24h,F,MAPE,5.888927510,DCRNN,graph,6.647766240,11.414943044,True
24h,G,MAPE,3.102761650,DCRNN,graph,3.891997140,20.278419064,True
24h,H,MAPE,5.378764230,MSCMNet-WM,sequence,6.900000000,22.046895217,True
24h,I,MAPE,4.285194710,STGCN,graph,5.312762070,19.341490292,True
24h,J,MAPE,5.204739120,DCRNN,graph,5.243063450,0.730953008,True
168h,A,MAPE,12.444873800,MSCMNet-W,sequence,11.700000000,-6.366442735,False
168h,B,MAPE,3.586977670,MSNet,sequence,4.000000000,10.325558250,True
168h,C,MAPE,6.647492560,MSCMNet-WM,sequence,8.700000000,23.592039540,True
168h,D,MAPE,6.969576170,LSTM,sequence,7.000000000,0.434626143,True
168h,E,MAPE,2.535812350,MSNet,sequence,2.300000000,-10.252710870,False
168h,F,MAPE,6.453358180,DCRNN,graph,7.331878360,11.982197970,True
168h,G,MAPE,4.340369130,MSCMNet-M,sequence,4.200000000,-3.342122143,False
168h,H,MAPE,6.313545550,MSCMNet-WM,sequence,7.200000000,12.311867361,True
168h,I,MAPE,5.873441890,MSCMNet-WM,sequence,5.900000000,0.450137458,True
168h,J,MAPE,6.873779460,MSNet,sequence,7.900000000,12.990133418,True
24h,A,RMSE,1.228808026,MSCMNet-W,sequence,0.876000000,-40.274888858,False
24h,B,RMSE,0.366505641,STGCN,graph,0.415331254,11.755824388,True
24h,C,RMSE,0.209119497,MSCMNet-WM,sequence,0.305000000,31.436230361,True
24h,D,RMSE,2.513277062,DCRNN,graph,2.595668951,3.174206340,True
24h,E,RMSE,1.593188385,DCRNN,graph,2.130507243,25.220231454,True
24h,F,RMSE,0.786991362,DCRNN,graph,0.888688024,11.443460449,True
24h,G,RMSE,1.027844064,MSCMNet-W,sequence,1.227000000,16.231127620,True
24h,H,RMSE,1.780255757,GRU,sequence,2.042000000,12.818033462,True
24h,I,RMSE,1.316244189,STGCN,graph,1.572615065,16.302201470,True
24h,J,RMSE,1.483246921,DCRNN,graph,1.549639239,4.284372576,True
168h,A,RMSE,1.248281363,MSCMNet-W,sequence,0.889000000,-40.414101609,False
168h,B,RMSE,0.438876860,MSCMNet-WM,sequence,0.463000000,5.210181382,True
168h,C,RMSE,0.269401804,MSCMNet-WM,sequence,0.304000000,11.380985526,True
168h,D,RMSE,2.878034550,STGCN,graph,2.910448996,1.113726636,True
168h,E,RMSE,2.600027778,MSNet,sequence,2.365000000,-9.937749594,False
168h,F,RMSE,0.864197981,DCRNN,graph,0.950286267,9.059194988,True
168h,G,RMSE,1.468826364,MSCMNet-M,sequence,1.292000000,-13.686251099,False
168h,H,RMSE,1.970794893,GRU,sequence,2.243000000,12.135760477,True
168h,I,RMSE,1.812678684,MSCMNet-WM,sequence,1.875000000,3.323803531,True
168h,J,RMSE,2.018328005,MSNet,sequence,2.305000000,12.436962885,True
24h,A,NSE,0.642687421,MSCMNet-W,sequence,0.716000000,-0.073312579,False
24h,B,NSE,0.849737971,STGCN,graph,0.807035620,0.042702351,True
24h,C,NSE,0.935321788,MSCMNet-WM,sequence,0.848000000,0.087321788,True
24h,D,NSE,0.853352374,DCRNN,graph,0.843579775,0.009772599,True
24h,E,NSE,0.987583317,DCRNN,graph,0.977795686,0.009787631,True
24h,F,NSE,0.669985104,DCRNN,graph,0.579183977,0.090801127,True
24h,G,NSE,0.940458326,DCRNN,graph,0.905292696,0.035165631,True
24h,H,NSE,0.929347643,STGCN,graph,0.901892331,0.027455311,True
24h,I,NSE,0.765764005,STGCN,graph,0.665631341,0.100132664,True
24h,J,NSE,0.843619155,DCRNN,graph,0.829306158,0.014312997,True
168h,A,NSE,0.625022798,MSCMNet-W,sequence,0.784000000,-0.158977202,False
168h,B,NSE,0.785141302,MSCMNet-WM,sequence,0.722000000,0.063141302,True
168h,C,NSE,0.891963931,MSCMNet-WM,sequence,0.861000000,0.030963931,True
168h,D,NSE,0.805998220,STGCN,graph,0.801603643,0.004394577,True
168h,E,NSE,0.966899147,MSNet,sequence,0.972000000,-0.005100853,False
168h,F,NSE,0.587543459,DCRNN,graph,0.501275611,0.086267848,True
168h,G,NSE,0.878348541,MSCMNet-M,sequence,0.901000000,-0.022651459,False
168h,H,NSE,0.914393956,GRU,sequence,0.888000000,0.026393956,True
168h,I,NSE,0.558060933,MSCMNet-WM,sequence,0.604000000,-0.045939067,False
168h,J,NSE,0.714409720,DCRNN,graph,0.581214889,0.133194832,True
