task,DMA,model,metric,value,rank
24h,A,GRU,MAE,0.738000000,1.000000000
24h,A,LSTM,MAE,0.770000000,3.000000000
24h,A,MSNet,MAE,0.880000000,6.000000000
24h,A,MSCMNet-WM,MAE,0.926000000,8.000000000
24h,A,MSCMNet-M,MAE,0.893000000,7.000000000
24h,A,MSCMNet-W,MAE,0.739000000,2.000000000
24h,B,GRU,MAE,0.386000000,7.000000000
24h,B,LSTM,MAE,0.397000000,9.000000000
24h,B,MSNet,MAE,0.373000000,5.000000000
24h,B,MSCMNet-WM,MAE,0.376000000,6.000000000
24h,B,MSCMNet-M,MAE,0.370000000,3.000000000
24h,B,MSCMNet-W,MAE,0.394000000,8.000000000
24h,C,GRU,MAE,0.302000000,4.000000000
24h,C,LSTM,MAE,0.620000000,9.000000000
24h,C,MSNet,MAE,0.314000000,6.000000000
24h,C,MSCMNet-WM,MAE,0.243000000,2.000000000
24h,C,MSCMNet-M,MAE,0.318000000,7.000000000
24h,C,MSCMNet-W,MAE,0.299000000,3.000000000
24h,D,GRU,MAE,3.144000000,6.000000000
24h,D,LSTM,MAE,2.339000000,4.000000000
24h,D,MSNet,MAE,3.728000000,9.000000000
24h,D,MSCMNet-WM,MAE,3.655000000,8.000000000
24h,D,MSCMNet-M,MAE,3.142000000,5.000000000
24h,D,MSCMNet-W,MAE,3.263000000,7.000000000
24h,E,GRU,MAE,3.475000000,9.000000000
24h,E,LSTM,MAE,2.770000000,8.000000000
24h,E,MSNet,MAE,1.867000000,5.000000000
24h,E,MSCMNet-WM,MAE,1.837000000,3.000000000
24h,E,MSCMNet-M,MAE,1.966000000,6.000000000
24h,E,MSCMNet-W,MAE,1.864000000,4.000000000
24h,F,GRU,MAE,1.964000000,8.000000000
24h,F,LSTM,MAE,2.537000000,9.000000000
24h,F,MSNet,MAE,1.425000000,7.000000000
24h,F,MSCMNet-WM,MAE,1.335000000,5.000000000
24h,F,MSCMNet-M,MAE,1.241000000,4.000000000
24h,F,MSCMNet-W,MAE,1.372000000,6.000000000
24h,G,GRU,MAE,1.293000000,8.000000000
24h,G,LSTM,MAE,2.101000000,9.000000000
24h,G,MSNet,MAE,1.251000000,7.000000000
24h,G,MSCMNet-WM,MAE,1.157000000,6.000000000
24h,G,MSCMNet-M,MAE,1.131000000,5.000000000
24h,G,MSCMNet-W,MAE,1.032000000,3.000000000
24h,H,GRU,MAE,1.526000000,2.000000000
24h,H,LSTM,MAE,2.133000000,9.000000000
24h,H,MSNet,MAE,2.046000000,7.000000000
24h,H,MSCMNet-WM,MAE,1.755000000,4.000000000
24h,H,MSCMNet-M,MAE,2.091000000,8.000000000
24h,H,MSCMNet-W,MAE,2.003000000,6.000000000
24h,I,GRU,MAE,1.498000000,4.000000000
24h,I,LSTM,MAE,1.563000000,5.000000000
24h,I,MSNet,MAE,1.783000000,8.000000000
24h,I,MSCMNet-WM,MAE,1.477000000,3.000000000
24h,I,MSCMNet-M,MAE,1.805000000,9.000000000
24h,I,MSCMNet-W,MAE,1.584000000,6.000000000
24h,J,GRU,MAE,1.988000000,7.000000000
24h,J,LSTM,MAE,2.467000000,9.000000000
24h,J,MSNet,MAE,1.871000000,4.000000000
24h,J,MSCMNet-WM,MAE,2.028000000,8.000000000
24h,J,MSCMNet-M,MAE,1.955000000,6.000000000
24h,J,MSCMNet-W,MAE,1.921000000,5.000000000
168h,A,GRU,MAE,0.828000000,4.000000000
168h,A,LSTM,MAE,0.808000000,2.000000000
168h,A,MSNet,MAE,0.869000000,6.000000000
168h,A,MSCMNet-WM,MAE,0.949000000,8.000000000
168h,A,MSCMNet-M,MAE,0.809000000,3.000000000
168h,A,MSCMNet-W,MAE,0.733000000,1.000000000
168h,B,GRU,MAE,0.393000000,3.000000000
168h,B,LSTM,MAE,0.399000000,4.000000000
168h,B,MSNet,MAE,0.383000000,2.000000000
168h,B,MSCMNet-WM,MAE,0.399000000,4.000000000
168h,B,MSCMNet-M,MAE,0.406000000,6.000000000
168h,B,MSCMNet-W,MAE,0.420000000,7.000000000
168h,C,GRU,MAE,0.303000000,4.000000000
168h,C,LSTM,MAE,0.630000000,9.000000000
168h,C,MSNet,MAE,0.310000000,6.000000000
168h,C,MSCMNet-WM,MAE,0.234000000,2.000000000
168h,C,MSCMNet-M,MAE,0.324000000,7.000000000
168h,C,MSCMNet-W,MAE,0.294000000,3.000000000
168h,D,GRU,MAE,3.285000000,6.000000000
168h,D,LSTM,MAE,2.342000000,2.000000000
168h,D,MSNet,MAE,3.804000000,9.000000000
168h,D,MSCMNet-WM,MAE,3.762000000,8.000000000
168h,D,MSCMNet-M,MAE,3.281000000,5.000000000
168h,D,MSCMNet-W,MAE,3.364000000,7.000000000
168h,E,GRU,MAE,3.484000000,9.000000000
168h,E,LSTM,MAE,2.760000000,7.000000000
168h,E,MSNet,MAE,1.864000000,3.000000000
168h,E,MSCMNet-WM,MAE,1.854000000,2.000000000
168h,E,MSCMNet-M,MAE,1.819000000,1.000000000
168h,E,MSCMNet-W,MAE,1.881000000,4.000000000
168h,F,GRU,MAE,2.205000000,8.000000000
168h,F,LSTM,MAE,2.648000000,9.000000000
168h,F,MSNet,MAE,1.472000000,6.000000000
168h,F,MSCMNet-WM,MAE,1.384000000,4.000000000
168h,F,MSCMNet-M,MAE,1.518000000,7.000000000
168h,F,MSCMNet-W,MAE,1.425000000,5.000000000
168h,G,GRU,MAE,1.266000000,6.000000000
168h,G,LSTM,MAE,2.142000000,9.000000000
168h,G,MSNet,MAE,1.276000000,7.000000000
168h,G,MSCMNet-WM,MAE,1.217000000,5.000000000
168h,G,MSCMNet-M,MAE,1.069000000,1.000000000
168h,G,MSCMNet-W,MAE,1.075000000,2.000000000
168h,H,GRU,MAE,1.655000000,2.000000000
168h,H,LSTM,MAE,2.170000000,7.000000000
168h,H,MSNet,MAE,2.132000000,6.000000000
168h,H,MSCMNet-WM,MAE,1.830000000,3.000000000
168h,H,MSCMNet-M,MAE,2.196000000,8.000000000
168h,H,MSCMNet-W,MAE,2.091000000,5.000000000
168h,I,GRU,MAE,1.593000000,3.000000000
168h,I,LSTM,MAE,1.741000000,5.000000000
168h,I,MSNet,MAE,1.809000000,6.000000000
168h,I,MSCMNet-WM,MAE,1.503000000,2.000000000
168h,I,MSCMNet-M,MAE,1.814000000,7.000000000
168h,I,MSCMNet-W,MAE,1.609000000,4.000000000
168h,J,GRU,MAE,3.293000000,9.000000000
168h,J,LSTM,MAE,3.037000000,8.000000000
168h,J,MSNet,MAE,1.990000000,4.000000000
168h,J,MSCMNet-WM,MAE,2.158000000,6.000000000
168h,J,MSCMNet-M,MAE,2.168000000,7.000000000
168h,J,MSCMNet-W,MAE,2.058000000,5.000000000
24h,A,DCRNN,MAE,1.020367554,9.000000000
24h,B,DCRNN,MAE,0.370651991,4.000000000
24h,C,DCRNN,MAE,0.303095458,5.000000000
24h,D,DCRNN,MAE,2.052405516,2.000000000
24h,E,DCRNN,MAE,1.618217268,2.000000000
24h,F,DCRNN,MAE,0.716340882,2.000000000
24h,G,DCRNN,MAE,1.002271004,2.000000000
24h,H,DCRNN,MAE,1.901230183,5.000000000
24h,I,DCRNN,MAE,1.708667071,7.000000000
24h,J,DCRNN,MAE,1.224056759,2.000000000
24h,A,STGCN,MAE,0.826100643,5.000000000
24h,B,STGCN,MAE,0.313847658,2.000000000
24h,C,STGCN,MAE,0.414326502,8.000000000
24h,D,STGCN,MAE,2.142803183,3.000000000
24h,E,STGCN,MAE,2.386540302,7.000000000
24h,F,STGCN,MAE,0.720339042,3.000000000
24h,G,STGCN,MAE,1.111653411,4.000000000
24h,H,STGCN,MAE,1.595475177,3.000000000
24h,I,STGCN,MAE,1.304556712,2.000000000
24h,J,STGCN,MAE,1.542048413,3.000000000
24h,A,STaR-GNN,MAE,0.806111779,4.000000000
24h,B,STaR-GNN,MAE,0.264024708,1.000000000
24h,C,STaR-GNN,MAE,0.160766644,1.000000000
24h,D,STaR-GNN,MAE,2.016920150,1.000000000
24h,E,STaR-GNN,MAE,1.257673222,1.000000000
24h,F,STaR-GNN,MAE,0.625994673,1.000000000
24h,G,STaR-GNN,MAE,0.810272858,1.000000000
24h,H,STaR-GNN,MAE,1.255020520,1.000000000
24h,I,STaR-GNN,MAE,1.044814711,1.000000000
24h,J,STaR-GNN,MAE,1.182599940,1.000000000
168h,A,DCRNN,MAE,1.177284801,9.000000000
168h,B,DCRNN,MAE,0.585386259,9.000000000
168h,C,DCRNN,MAE,0.411788407,8.000000000
168h,D,DCRNN,MAE,2.539506790,4.000000000
168h,E,DCRNN,MAE,2.923183722,8.000000000
168h,F,DCRNN,MAE,0.767829787,2.000000000
168h,G,DCRNN,MAE,1.434038717,8.000000000
168h,H,DCRNN,MAE,3.046612991,9.000000000
168h,I,DCRNN,MAE,1.941605751,9.000000000
168h,J,DCRNN,MAE,1.973506641,3.000000000
168h,A,STGCN,MAE,0.900708708,7.000000000
168h,B,STGCN,MAE,0.440794181,8.000000000
168h,C,STGCN,MAE,0.305839302,5.000000000
168h,D,STGCN,MAE,2.345901725,3.000000000
168h,E,STGCN,MAE,2.684830408,6.000000000
168h,F,STGCN,MAE,0.947690649,3.000000000
168h,G,STGCN,MAE,1.169503149,4.000000000
168h,H,STGCN,MAE,1.916127305,4.000000000
168h,I,STGCN,MAE,1.890011418,8.000000000
168h,J,STGCN,MAE,1.967773160,2.000000000
168h,A,STaR-GNN,MAE,0.859463475,5.000000000
168h,B,STaR-GNN,MAE,0.337333810,1.000000000
168h,C,STaR-GNN,MAE,0.205171228,1.000000000
168h,D,STaR-GNN,MAE,2.302451877,1.000000000
168h,E,STaR-GNN,MAE,2.090609088,5.000000000
168h,F,STaR-GNN,MAE,0.694555359,1.000000000
168h,G,STaR-GNN,MAE,1.154754737,3.000000000
168h,H,STaR-GNN,MAE,1.533663666,1.000000000
168h,I,STaR-GNN,MAE,1.454464240,1.000000000
168h,J,STaR-GNN,MAE,1.601122920,1.000000000
24h,A,GRU,MAPE,11.800000000,1.000000000
24h,A,LSTM,MAPE,12.500000000,4.000000000
24h,A,MSNet,MAPE,13.600000000,7.000000000
24h,A,MSCMNet-WM,MAPE,13.600000000,7.000000000
24h,A,MSCMNet-M,MAPE,13.200000000,6.000000000
24h,A,MSCMNet-W,MAPE,12.000000000,2.000000000
24h,B,GRU,MAPE,4.100000000,6.000000000
24h,B,LSTM,MAPE,4.200000000,8.000000000
24h,B,MSNet,MAPE,3.900000000,4.000000000
24h,B,MSCMNet-WM,MAPE,4.100000000,6.000000000
24h,B,MSCMNet-M,MAPE,4.000000000,5.000000000
24h,B,MSCMNet-W,MAPE,4.300000000,9.000000000
24h,C,GRU,MAPE,11.000000000,5.000000000
24h,C,LSTM,MAPE,23.800000000,9.000000000
24h,C,MSNet,MAPE,9.600000000,3.000000000
24h,C,MSCMNet-WM,MAPE,9.000000000,2.000000000
24h,C,MSCMNet-M,MAPE,11.500000000,7.000000000
24h,C,MSCMNet-W,MAPE,11.000000000,5.000000000
24h,D,GRU,MAPE,9.100000000,5.000000000
24h,D,LSTM,MAPE,7.100000000,4.000000000
24h,D,MSNet,MAPE,12.700000000,9.000000000
24h,D,MSCMNet-WM,MAPE,10.800000000,8.000000000
24h,D,MSCMNet-M,MAPE,9.400000000,6.000000000
24h,D,MSCMNet-W,MAPE,9.700000000,7.000000000
24h,E,GRU,MAPE,4.500000000,9.000000000
24h,E,LSTM,MAPE,3.500000000,8.000000000
24h,E,MSNet,MAPE,2.300000000,3.000000000
24h,E,MSCMNet-WM,MAPE,2.400000000,4.000000000
24h,E,MSCMNet-M,MAPE,2.500000000,6.000000000
24h,E,MSCMNet-W,MAPE,2.400000000,4.000000000
24h,F,GRU,MAPE,17.900000000,8.000000000
24h,F,LSTM,MAPE,23.100000000,9.000000000
24h,F,MSNet,MAPE,14.900000000,7.000000000
24h,F,MSCMNet-WM,MAPE,11.600000000,5.000000000
24h,F,MSCMNet-M,MAPE,10.800000000,4.000000000
24h,F,MSCMNet-W,MAPE,12.000000000,6.000000000
24h,G,GRU,MAPE,4.900000000,8.000000000
24h,G,LSTM,MAPE,8.100000000,9.000000000
24h,G,MSNet,MAPE,4.600000000,6.000000000
24h,G,MSCMNet-WM,MAPE,4.700000000,7.000000000
24h,G,MSCMNet-M,MAPE,4.400000000,5.000000000
24h,G,MSCMNet-W,MAPE,4.100000000,3.000000000
24h,H,GRU,MAPE,7.000000000,3.000000000
24h,H,LSTM,MAPE,9.200000000,9.000000000
24h,H,MSNet,MAPE,9.000000000,8.000000000
24h,H,MSCMNet-WM,MAPE,6.900000000,2.000000000
24h,H,MSCMNet-M,MAPE,8.200000000,7.000000000
24h,H,MSCMNet-W,MAPE,7.900000000,6.000000000
24h,I,GRU,MAPE,6.200000000,4.000000000
24h,I,LSTM,MAPE,6.400000000,6.000000000
24h,I,MSNet,MAPE,7.600000000,9.000000000
24h,I,MSCMNet-WM,MAPE,5.800000000,3.000000000
24h,I,MSCMNet-M,MAPE,7.000000000,8.000000000
24h,I,MSCMNet-W,MAPE,6.200000000,4.000000000
24h,J,GRU,MAPE,8.800000000,6.000000000
24h,J,LSTM,MAPE,11.000000000,9.000000000
24h,J,MSNet,MAPE,7.500000000,4.000000000
24h,J,MSCMNet-WM,MAPE,9.100000000,8.000000000
24h,J,MSCMNet-M,MAPE,8.800000000,6.000000000
24h,J,MSCMNet-W,MAPE,8.700000000,5.000000000
168h,A,GRU,MAPE,13.300000000,6.000000000
168h,A,LSTM,MAPE,13.000000000,4.000000000
168h,A,MSNet,MAPE,13.400000000,7.000000000
168h,A,MSCMNet-WM,MAPE,13.800000000,8.000000000
168h,A,MSCMNet-M,MAPE,12.300000000,2.000000000
168h,A,MSCMNet-W,MAPE,11.700000000,1.000000000
168h,B,GRU,MAPE,4.200000000,3.000000000
168h,B,LSTM,MAPE,4.200000000,3.000000000
168h,B,MSNet,MAPE,4.000000000,2.000000000
168h,B,MSCMNet-WM,MAPE,4.400000000,5.000000000
168h,B,MSCMNet-M,MAPE,4.500000000,6.000000000
168h,B,MSCMNet-W,MAPE,4.600000000,7.000000000
168h,C,GRU,MAPE,11.100000000,5.000000000
168h,C,LSTM,MAPE,24.100000000,9.000000000
168h,C,MSNet,MAPE,9.500000000,3.000000000
168h,C,MSCMNet-WM,MAPE,8.700000000,2.000000000
168h,C,MSCMNet-M,MAPE,11.900000000,7.000000000
168h,C,MSCMNet-W,MAPE,10.800000000,4.000000000
168h,D,GRU,MAPE,9.500000000,5.000000000
168h,D,LSTM,MAPE,7.000000000,2.000000000
168h,D,MSNet,MAPE,13.000000000,9.000000000
168h,D,MSCMNet-WM,MAPE,11.100000000,8.000000000
168h,D,MSCMNet-M,MAPE,9.700000000,6.000000000
168h,D,MSCMNet-W,MAPE,10.000000000,7.000000000
168h,E,GRU,MAPE,4.500000000,9.000000000
168h,E,LSTM,MAPE,3.500000000,7.000000000
168h,E,MSNet,MAPE,2.300000000,1.000000000
168h,E,MSCMNet-WM,MAPE,2.400000000,2.000000000
168h,E,MSCMNet-M,MAPE,2.400000000,2.000000000
168h,E,MSCMNet-W,MAPE,2.400000000,2.000000000
168h,F,GRU,MAPE,20.000000000,8.000000000
168h,F,LSTM,MAPE,24.000000000,9.000000000
168h,F,MSNet,MAPE,15.400000000,7.000000000
168h,F,MSCMNet-WM,MAPE,12.000000000,4.000000000
168h,F,MSCMNet-M,MAPE,13.200000000,6.000000000
168h,F,MSCMNet-W,MAPE,12.400000000,5.000000000
168h,G,GRU,MAPE,4.800000000,6.000000000
168h,G,LSTM,MAPE,8.300000000,9.000000000
168h,G,MSNet,MAPE,4.700000000,5.000000000
168h,G,MSCMNet-WM,MAPE,4.900000000,7.000000000
168h,G,MSCMNet-M,MAPE,4.200000000,1.000000000
168h,G,MSCMNet-W,MAPE,4.300000000,2.000000000
168h,H,GRU,MAPE,7.500000000,3.000000000
168h,H,LSTM,MAPE,9.300000000,7.000000000
168h,H,MSNet,MAPE,9.400000000,8.000000000
168h,H,MSCMNet-WM,MAPE,7.200000000,2.000000000
168h,H,MSCMNet-M,MAPE,8.600000000,6.000000000
168h,H,MSCMNet-W,MAPE,8.300000000,5.000000000
168h,I,GRU,MAPE,6.600000000,4.000000000
168h,I,LSTM,MAPE,7.100000000,5.000000000
168h,I,MSNet,MAPE,7.800000000,9.000000000
168h,I,MSCMNet-WM,MAPE,5.900000000,2.000000000
168h,I,MSCMNet-M,MAPE,7.100000000,5.000000000
168h,I,MSCMNet-W,MAPE,6.300000000,3.000000000
168h,J,GRU,MAPE,14.700000000,9.000000000
168h,J,LSTM,MAPE,13.600000000,8.000000000
168h,J,MSNet,MAPE,7.900000000,2.000000000
168h,J,MSCMNet-WM,MAPE,9.800000000,6.000000000
168h,J,MSCMNet-M,MAPE,9.800000000,6.000000000
168h,J,MSCMNet-W,MAPE,9.400000000,5.000000000
24h,A,DCRNN,MAPE,15.936474730,9.000000000
24h,B,DCRNN,MAPE,3.849921680,3.000000000
24h,C,DCRNN,MAPE,10.198886000,4.000000000
24h,D,DCRNN,MAPE,6.366958380,2.000000000
24h,E,DCRNN,MAPE,1.985245390,2.000000000
24h,F,DCRNN,MAPE,6.647766240,2.000000000
24h,G,DCRNN,MAPE,3.891997140,2.000000000
24h,H,DCRNN,MAPE,7.779404770,5.000000000
24h,I,DCRNN,MAPE,6.643815330,7.000000000
24h,J,DCRNN,MAPE,5.243063450,2.000000000
24h,A,STGCN,MAPE,12.558289840,5.000000000
24h,B,STGCN,MAPE,3.342059890,2.000000000
24h,C,STGCN,MAPE,16.120315220,8.000000000
24h,D,STGCN,MAPE,6.597718150,3.000000000
24h,E,STGCN,MAPE,2.854087790,7.000000000
24h,F,STGCN,MAPE,6.659044220,3.000000000
24h,G,STGCN,MAPE,4.251232910,4.000000000
24h,H,STGCN,MAPE,7.230323850,4.000000000
24h,I,STGCN,MAPE,5.312762070,2.000000000
24h,J,STGCN,MAPE,6.878630320,3.000000000
24h,A,STaR-GNN,MAPE,12.412630360,3.000000000
24h,B,STaR-GNN,MAPE,2.775096600,1.000000000
24h,C,STaR-GNN,MAPE,5.397896710,1.000000000
24h,D,STaR-GNN,MAPE,6.277783690,1.000000000
24h,E,STaR-GNN,MAPE,1.556500410,1.000000000
24h,F,STaR-GNN,MAPE,5.888927510,1.000000000
24h,G,STaR-GNN,MAPE,3.102761650,1.000000000
24h,H,STaR-GNN,MAPE,5.378764230,1.000000000
24h,I,STaR-GNN,MAPE,4.285194710,1.000000000
24h,J,STaR-GNN,MAPE,5.204739120,1.000000000
168h,A,DCRNN,MAPE,16.262771110,9.000000000
168h,B,DCRNN,MAPE,6.349351560,9.000000000
168h,C,DCRNN,MAPE,14.237370570,8.000000000
168h,D,DCRNN,MAPE,7.698266420,4.000000000
168h,E,DCRNN,MAPE,3.642406380,8.000000000
168h,F,DCRNN,MAPE,7.331878360,2.000000000
168h,G,DCRNN,MAPE,5.621431250,8.000000000
168h,H,DCRNN,MAPE,13.774692980,9.000000000
168h,I,DCRNN,MAPE,7.790275830,8.000000000
168h,J,DCRNN,MAPE,8.534282970,3.000000000
168h,A,STGCN,MAPE,13.213607580,5.000000000
168h,B,STGCN,MAPE,4.741323690,8.000000000
168h,C,STGCN,MAPE,11.312458770,6.000000000
168h,D,STGCN,MAPE,7.115869860,3.000000000
168h,E,STGCN,MAPE,3.363682390,6.000000000
168h,F,STGCN,MAPE,8.597141880,3.000000000
168h,G,STGCN,MAPE,4.490022880,4.000000000
168h,H,STGCN,MAPE,7.711396080,4.000000000
168h,I,STGCN,MAPE,7.418681070,7.000000000
168h,J,STGCN,MAPE,8.723099960,4.000000000
168h,A,STaR-GNN,MAPE,12.444873800,3.000000000
168h,B,STaR-GNN,MAPE,3.586977670,1.000000000
168h,C,STaR-GNN,MAPE,6.647492560,1.000000000
168h,D,STaR-GNN,MAPE,6.969576170,1.000000000
168h,E,STaR-GNN,MAPE,2.535812350,5.000000000
168h,F,STaR-GNN,MAPE,6.453358180,1.000000000
168h,G,STaR-GNN,MAPE,4.340369130,3.000000000
168h,H,STaR-GNN,MAPE,6.313545550,1.000000000
168h,I,STaR-GNN,MAPE,5.873441890,1.000000000
168h,J,STaR-GNN,MAPE,6.873779460,1.000000000
24h,A,GRU,RMSE,0.884000000,2.000000000
24h,A,LSTM,RMSE,0.930000000,3.000000000
24h,A,MSNet,RMSE,1.030000000,4.000000000
24h,A,MSCMNet-WM,RMSE,1.081000000,6.000000000
24h,A,MSCMNet-M,RMSE,1.054000000,5.000000000
24h,A,MSCMNet-W,RMSE,0.876000000,1.000000000
24h,B,GRU,RMSE,0.470000000,7.000000000
24h,B,LSTM,RMSE,0.480000000,8.000000000
24h,B,MSNet,RMSE,0.461000000,6.000000000
24h,B,MSCMNet-WM,RMSE,0.434000000,4.000000000
24h,B,MSCMNet-M,RMSE,0.433000000,3.000000000
24h,B,MSCMNet-W,RMSE,0.454000000,5.000000000
24h,C,GRU,RMSE,0.388000000,5.000000000
24h,C,LSTM,RMSE,0.687000000,9.000000000
24h,C,MSNet,RMSE,0.391000000,6.000000000
24h,C,MSCMNet-WM,RMSE,0.305000000,2.000000000
24h,C,MSCMNet-M,RMSE,0.377000000,4.000000000
24h,C,MSCMNet-W,RMSE,0.367000000,3.000000000
24h,D,GRU,RMSE,3.747000000,7.000000000
24h,D,LSTM,RMSE,2.920000000,4.000000000
24h,D,MSNet,RMSE,4.298000000,9.000000000
24h,D,MSCMNet-WM,RMSE,4.128000000,8.000000000
24h,D,MSCMNet-M,RMSE,3.603000000,5.000000000
24h,D,MSCMNet-W,RMSE,3.700000000,6.000000000
24h,E,GRU,RMSE,4.457000000,9.000000000
24h,E,LSTM,RMSE,3.670000000,8.000000000
24h,E,MSNet,RMSE,2.286000000,4.000000000
24h,E,MSCMNet-WM,RMSE,2.240000000,3.000000000
24h,E,MSCMNet-M,RMSE,2.460000000,6.000000000
24h,E,MSCMNet-W,RMSE,2.301000000,5.000000000
24h,F,GRU,RMSE,2.144000000,8.000000000
24h,F,LSTM,RMSE,2.663000000,9.000000000
24h,F,MSNet,RMSE,1.621000000,7.000000000
24h,F,MSCMNet-WM,RMSE,1.520000000,5.000000000
24h,F,MSCMNet-M,RMSE,1.428000000,4.000000000
24h,F,MSCMNet-W,RMSE,1.551000000,6.000000000
24h,G,GRU,RMSE,1.666000000,8.000000000
24h,G,LSTM,RMSE,2.594000000,9.000000000
24h,G,MSNet,RMSE,1.580000000,7.000000000
24h,G,MSCMNet-WM,RMSE,1.348000000,5.000000000
24h,G,MSCMNet-M,RMSE,1.336000000,4.000000000
24h,G,MSCMNet-W,RMSE,1.227000000,2.000000000
24h,H,GRU,RMSE,2.042000000,2.000000000
24h,H,LSTM,RMSE,2.744000000,9.000000000
24h,H,MSNet,RMSE,2.489000000,7.000000000
24h,H,MSCMNet-WM,RMSE,2.196000000,4.000000000
24h,H,MSCMNet-M,RMSE,2.544000000,8.000000000
24h,H,MSCMNet-W,RMSE,2.406000000,5.000000000
24h,I,GRU,RMSE,1.855000000,4.000000000
24h,I,LSTM,RMSE,1.914000000,6.000000000
24h,I,MSNet,RMSE,2.133000000,8.000000000
24h,I,MSCMNet-WM,RMSE,1.798000000,3.000000000
24h,I,MSCMNet-M,RMSE,2.131000000,7.000000000
24h,I,MSCMNet-W,RMSE,1.901000000,5.000000000
24h,J,GRU,RMSE,2.309000000,8.000000000
24h,J,LSTM,RMSE,2.803000000,9.000000000
24h,J,MSNet,RMSE,2.112000000,4.000000000
24h,J,MSCMNet-WM,RMSE,2.271000000,7.000000000
24h,J,MSCMNet-M,RMSE,2.206000000,6.000000000
24h,J,MSCMNet-W,RMSE,2.158000000,5.000000000
168h,A,GRU,RMSE,1.028000000,4.000000000
168h,A,LSTM,RMSE,1.006000000,3.000000000
168h,A,MSNet,RMSE,1.055000000,5.000000000
168h,A,MSCMNet-WM,RMSE,1.135000000,6.000000000
168h,A,MSCMNet-M,RMSE,0.985000000,2.000000000
168h,A,MSCMNet-W,RMSE,0.889000000,1.000000000
168h,B,GRU,RMSE,0.493000000,6.000000000
168h,B,LSTM,RMSE,0.499000000,7.000000000
168h,B,MSNet,RMSE,0.479000000,4.000000000
168h,B,MSCMNet-WM,RMSE,0.463000000,2.000000000
168h,B,MSCMNet-M,RMSE,0.476000000,3.000000000
168h,B,MSCMNet-W,RMSE,0.487000000,5.000000000
168h,C,GRU,RMSE,0.415000000,7.000000000
168h,C,LSTM,RMSE,0.698000000,9.000000000
168h,C,MSNet,RMSE,0.398000000,6.000000000
168h,C,MSCMNet-WM,RMSE,0.304000000,2.000000000
168h,C,MSCMNet-M,RMSE,0.386000000,5.000000000
168h,C,MSCMNet-W,RMSE,0.368000000,4.000000000
168h,D,GRU,RMSE,3.988000000,7.000000000
168h,D,LSTM,RMSE,2.984000000,3.000000000
168h,D,MSNet,RMSE,4.452000000,9.000000000
168h,D,MSCMNet-WM,RMSE,4.305000000,8.000000000
168h,D,MSCMNet-M,RMSE,3.811000000,5.000000000
168h,D,MSCMNet-W,RMSE,3.875000000,6.000000000
168h,E,GRU,RMSE,5.054000000,9.000000000
168h,E,LSTM,RMSE,4.195000000,8.000000000
168h,E,MSNet,RMSE,2.365000000,1.000000000
168h,E,MSCMNet-WM,RMSE,2.365000000,1.000000000
168h,E,MSCMNet-M,RMSE,2.416000000,4.000000000
168h,E,MSCMNet-W,RMSE,2.387000000,3.000000000
168h,F,GRU,RMSE,2.392000000,8.000000000
168h,F,LSTM,RMSE,2.791000000,9.000000000
168h,F,MSNet,RMSE,1.702000000,6.000000000
168h,F,MSCMNet-WM,RMSE,1.611000000,4.000000000
168h,F,MSCMNet-M,RMSE,1.738000000,7.000000000
168h,F,MSCMNet-W,RMSE,1.643000000,5.000000000
168h,G,GRU,RMSE,1.838000000,7.000000000
168h,G,LSTM,RMSE,2.705000000,9.000000000
168h,G,MSNet,RMSE,1.670000000,6.000000000
168h,G,MSCMNet-WM,RMSE,1.430000000,3.000000000
168h,G,MSCMNet-M,RMSE,1.292000000,1.000000000
168h,G,MSCMNet-W,RMSE,1.295000000,2.000000000
168h,H,GRU,RMSE,2.243000000,2.000000000
168h,H,LSTM,RMSE,2.810000000,8.000000000
168h,H,MSNet,RMSE,2.631000000,6.000000000
168h,H,MSCMNet-WM,RMSE,2.312000000,4.000000000
168h,H,MSCMNet-M,RMSE,2.701000000,7.000000000
168h,H,MSCMNet-W,RMSE,2.542000000,5.000000000
168h,I,GRU,RMSE,2.070000000,4.000000000
168h,I,LSTM,RMSE,2.186000000,5.000000000
168h,I,MSNet,RMSE,2.210000000,7.000000000
168h,I,MSCMNet-WM,RMSE,1.875000000,2.000000000
168h,I,MSCMNet-M,RMSE,2.196000000,6.000000000
168h,I,MSCMNet-W,RMSE,1.985000000,3.000000000
168h,J,GRU,RMSE,3.918000000,9.000000000
168h,J,LSTM,RMSE,3.647000000,8.000000000
168h,J,MSNet,RMSE,2.305000000,2.000000000
168h,J,MSCMNet-WM,RMSE,2.443000000,4.000000000
168h,J,MSCMNet-M,RMSE,2.461000000,6.000000000
168h,J,MSCMNet-W,RMSE,2.337000000,3.000000000
24h,A,DCRNN,RMSE,1.531569039,9.000000000
24h,B,DCRNN,RMSE,0.489639671,9.000000000
24h,C,DCRNN,RMSE,0.401876650,7.000000000
24h,D,DCRNN,RMSE,2.595668951,2.000000000
24h,E,DCRNN,RMSE,2.130507243,2.000000000
24h,F,DCRNN,RMSE,0.888688024,2.000000000
24h,G,DCRNN,RMSE,1.296308745,3.000000000
24h,H,DCRNN,RMSE,2.442721231,6.000000000
24h,I,DCRNN,RMSE,2.175873101,9.000000000
24h,J,DCRNN,RMSE,1.549639239,2.000000000
24h,A,STGCN,RMSE,1.239199459,8.000000000
24h,B,STGCN,RMSE,0.415331254,2.000000000
24h,C,STGCN,RMSE,0.487987392,8.000000000
24h,D,STGCN,RMSE,2.694688140,3.000000000
24h,E,STGCN,RMSE,3.173320851,7.000000000
24h,F,STGCN,RMSE,0.894392829,3.000000000
24h,G,STGCN,RMSE,1.418059935,6.000000000
24h,H,STGCN,RMSE,2.097831241,3.000000000
24h,I,STGCN,RMSE,1.572615065,2.000000000
24h,J,STGCN,RMSE,1.904268386,3.000000000
24h,A,STaR-GNN,RMSE,1.228808026,7.000000000
24h,B,STaR-GNN,RMSE,0.366505641,1.000000000
24h,C,STaR-GNN,RMSE,0.209119497,1.000000000
24h,D,STaR-GNN,RMSE,2.513277062,1.000000000
24h,E,STaR-GNN,RMSE,1.593188385,1.000000000
24h,F,STaR-GNN,RMSE,0.786991362,1.000000000
24h,G,STaR-GNN,RMSE,1.027844064,1.000000000
24h,H,STaR-GNN,RMSE,1.780255757,1.000000000
24h,I,STaR-GNN,RMSE,1.316244189,1.000000000
24h,J,STaR-GNN,RMSE,1.483246921,1.000000000
168h,A,DCRNN,RMSE,1.617580127,9.000000000
168h,B,DCRNN,RMSE,0.733165469,9.000000000
168h,C,DCRNN,RMSE,0.522288817,8.000000000
168h,D,DCRNN,RMSE,3.196591729,4.000000000
168h,E,DCRNN,RMSE,3.919228959,7.000000000
168h,F,DCRNN,RMSE,0.950286267,2.000000000
168h,G,DCRNN,RMSE,1.859745241,8.000000000
168h,H,DCRNN,RMSE,3.682959139,9.000000000
168h,I,DCRNN,RMSE,2.373339918,9.000000000
168h,J,DCRNN,RMSE,2.444081323,5.000000000
168h,A,STGCN,RMSE,1.274675523,8.000000000
168h,B,STGCN,RMSE,0.555341489,8.000000000
168h,C,STGCN,RMSE,0.367011602,3.000000000
168h,D,STGCN,RMSE,2.910448996,2.000000000
168h,E,STGCN,RMSE,3.193949123,6.000000000
168h,F,STGCN,RMSE,1.144547607,3.000000000
168h,G,STGCN,RMSE,1.450730212,4.000000000
168h,H,STGCN,RMSE,2.300752570,3.000000000
168h,I,STGCN,RMSE,2.271509230,8.000000000
168h,J,STGCN,RMSE,2.480041427,7.000000000
168h,A,STaR-GNN,RMSE,1.248281363,7.000000000
168h,B,STaR-GNN,RMSE,0.438876860,1.000000000
168h,C,STaR-GNN,RMSE,0.269401804,1.000000000
168h,D,STaR-GNN,RMSE,2.878034550,1.000000000
168h,E,STaR-GNN,RMSE,2.600027778,5.000000000
168h,F,STaR-GNN,RMSE,0.864197981,1.000000000
168h,G,STaR-GNN,RMSE,1.468826364,5.000000000
168h,H,STaR-GNN,RMSE,1.970794893,1.000000000
168h,I,STaR-GNN,RMSE,1.812678684,1.000000000
168h,J,STaR-GNN,RMSE,2.018328005,1.000000000
24h,A,GRU,NSE,0.699000000,2.000000000
24h,A,LSTM,NSE,0.650000000,3.000000000
24h,A,MSNet,NSE,0.577000000,7.000000000
24h,A,MSCMNet-WM,NSE,0.552000000,8.000000000
24h,A,MSCMNet-M,NSE,0.579000000,6.000000000
24h,A,MSCMNet-W,NSE,0.716000000,1.000000000
24h,B,GRU,NSE,0.689000000,6.000000000
24h,B,LSTM,NSE,0.673000000,9.000000000
24h,B,MSNet,NSE,0.683000000,7.000000000
24h,B,MSCMNet-WM,NSE,0.716000000,4.000000000
24h,B,MSCMNet-M,NSE,0.714000000,5.000000000
24h,B,MSCMNet-W,NSE,0.680000000,8.000000000
24h,C,GRU,NSE,0.767000000,4.000000000
24h,C,LSTM,NSE,0.239000000,9.000000000
24h,C,MSNet,NSE,0.744000000,7.000000000
24h,C,MSCMNet-WM,NSE,0.848000000,2.000000000
24h,C,MSCMNet-M,NSE,0.758000000,6.000000000
24h,C,MSCMNet-W,NSE,0.782000000,3.000000000
24h,D,GRU,NSE,0.617000000,6.000000000
24h,D,LSTM,NSE,0.774000000,4.000000000
24h,D,MSNet,NSE,0.272000000,9.000000000
24h,D,MSCMNet-WM,NSE,0.506000000,8.000000000
24h,D,MSCMNet-M,NSE,0.625000000,5.000000000
24h,D,MSCMNet-W,NSE,0.597000000,7.000000000
24h,E,GRU,NSE,0.875000000,9.000000000
24h,E,LSTM,NSE,0.913000000,8.000000000
24h,E,MSNet,NSE,0.972000000,3.000000000
24h,E,MSCMNet-WM,NSE,0.972000000,3.000000000
24h,E,MSCMNet-M,NSE,0.965000000,6.000000000
24h,E,MSCMNet-W,NSE,0.971000000,5.000000000
24h,F,GRU,NSE,-1.513000000,7.000000000
24h,F,LSTM,NSE,-2.866000000,9.000000000
24h,F,MSNet,NSE,-2.392000000,8.000000000
24h,F,MSCMNet-WM,NSE,-0.361000000,5.000000000
24h,F,MSCMNet-M,NSE,-0.187000000,4.000000000
24h,F,MSCMNet-W,NSE,-0.391000000,6.000000000
24h,G,GRU,NSE,0.813000000,7.000000000
24h,G,LSTM,NSE,0.597000000,9.000000000
24h,G,MSNet,NSE,0.803000000,8.000000000
24h,G,MSCMNet-WM,NSE,0.884000000,5.000000000
24h,G,MSCMNet-M,NSE,0.884000000,5.000000000
24h,G,MSCMNet-W,NSE,0.902000000,3.000000000
24h,H,GRU,NSE,0.887000000,3.000000000
24h,H,LSTM,NSE,0.814000000,9.000000000
24h,H,MSNet,NSE,0.821000000,8.000000000
24h,H,MSCMNet-WM,NSE,0.885000000,4.000000000
24h,H,MSCMNet-M,NSE,0.846000000,7.000000000
24h,H,MSCMNet-W,NSE,0.861000000,6.000000000
24h,I,GRU,NSE,-0.341000000,8.000000000
24h,I,LSTM,NSE,-0.257000000,7.000000000
24h,I,MSNet,NSE,-0.469000000,9.000000000
24h,I,MSCMNet-WM,NSE,0.372000000,3.000000000
24h,I,MSCMNet-M,NSE,0.193000000,6.000000000
24h,I,MSCMNet-W,NSE,0.287000000,5.000000000
24h,J,GRU,NSE,-0.156000000,8.000000000
24h,J,LSTM,NSE,-0.833000000,9.000000000
24h,J,MSNet,NSE,0.273000000,4.000000000
24h,J,MSCMNet-WM,NSE,0.088000000,7.000000000
24h,J,MSCMNet-M,NSE,0.141000000,6.000000000
24h,J,MSCMNet-W,NSE,0.171000000,5.000000000
168h,A,GRU,NSE,0.706000000,4.000000000
168h,A,LSTM,NSE,0.718000000,3.000000000
168h,A,MSNet,NSE,0.588000000,8.000000000
168h,A,MSCMNet-WM,NSE,0.642000000,5.000000000
168h,A,MSCMNet-M,NSE,0.735000000,2.000000000
168h,A,MSCMNet-W,NSE,0.784000000,1.000000000
168h,B,GRU,NSE,0.698000000,4.000000000
168h,B,LSTM,NSE,0.688000000,6.000000000
168h,B,MSNet,NSE,0.674000000,7.000000000
168h,B,MSCMNet-WM,NSE,0.722000000,2.000000000
168h,B,MSCMNet-M,NSE,0.704000000,3.000000000
168h,B,MSCMNet-W,NSE,0.690000000,5.000000000
168h,C,GRU,NSE,0.743000000,7.000000000
168h,C,LSTM,NSE,0.276000000,9.000000000
168h,C,MSNet,NSE,0.750000000,6.000000000
168h,C,MSCMNet-WM,NSE,0.861000000,2.000000000
168h,C,MSCMNet-M,NSE,0.777000000,5.000000000
168h,C,MSCMNet-W,NSE,0.796000000,4.000000000
168h,D,GRU,NSE,0.585000000,7.000000000
168h,D,LSTM,NSE,0.772000000,3.000000000
168h,D,MSNet,NSE,0.254000000,9.000000000
168h,D,MSCMNet-WM,NSE,0.506000000,8.000000000
168h,D,MSCMNet-M,NSE,0.614000000,5.000000000
168h,D,MSCMNet-W,NSE,0.597000000,6.000000000
168h,E,GRU,NSE,0.872000000,9.000000000
168h,E,LSTM,NSE,0.912000000,8.000000000
168h,E,MSNet,NSE,0.972000000,1.000000000
168h,E,MSCMNet-WM,NSE,0.972000000,1.000000000
168h,E,MSCMNet-M,NSE,0.971000000,3.000000000
168h,E,MSCMNet-W,NSE,0.971000000,3.000000000
168h,F,GRU,NSE,-1.781000000,7.000000000
168h,F,LSTM,NSE,-2.772000000,9.000000000
168h,F,MSNet,NSE,-2.543000000,8.000000000
168h,F,MSCMNet-WM,NSE,-0.303000000,4.000000000
168h,F,MSCMNet-M,NSE,-0.512000000,6.000000000
168h,F,MSCMNet-W,NSE,-0.346000000,5.000000000
168h,G,GRU,NSE,0.803000000,7.000000000
168h,G,LSTM,NSE,0.578000000,9.000000000
168h,G,MSNet,NSE,0.802000000,8.000000000
168h,G,MSCMNet-WM,NSE,0.877000000,5.000000000
168h,G,MSCMNet-M,NSE,0.901000000,1.000000000
168h,G,MSCMNet-W,NSE,0.900000000,2.000000000
168h,H,GRU,NSE,0.888000000,2.000000000
168h,H,LSTM,NSE,0.824000000,7.000000000
168h,H,MSNet,NSE,0.808000000,8.000000000
168h,H,MSCMNet-WM,NSE,0.880000000,4.000000000
168h,H,MSCMNet-M,NSE,0.835000000,6.000000000
168h,H,MSCMNet-W,NSE,0.854000000,5.000000000
168h,I,GRU,NSE,0.523000000,4.000000000
168h,I,LSTM,NSE,0.475000000,5.000000000
168h,I,MSNet,NSE,0.021000000,9.000000000
168h,I,MSCMNet-WM,NSE,0.604000000,1.000000000
168h,I,MSCMNet-M,NSE,0.450000000,6.000000000
168h,I,MSCMNet-W,NSE,0.550000000,3.000000000
168h,J,GRU,NSE,-0.345000000,9.000000000
168h,J,LSTM,NSE,-0.195000000,8.000000000
168h,J,MSNet,NSE,0.398000000,5.000000000
168h,J,MSCMNet-WM,NSE,0.389000000,7.000000000
168h,J,MSCMNet-M,NSE,0.392000000,6.000000000
168h,J,MSCMNet-W,NSE,0.426000000,4.000000000
24h,A,DCRNN,NSE,0.444922806,9.000000000
24h,B,DCRNN,NSE,0.731810904,3.000000000
24h,C,DCRNN,NSE,0.761133912,5.000000000
24h,D,DCRNN,NSE,0.843579775,2.000000000
24h,E,DCRNN,NSE,0.977795686,2.000000000
24h,F,DCRNN,NSE,0.579183977,2.000000000
24h,G,DCRNN,NSE,0.905292696,2.000000000
24h,H,DCRNN,NSE,0.866982227,5.000000000
24h,I,DCRNN,NSE,0.359900001,4.000000000
24h,J,DCRNN,NSE,0.829306158,2.000000000
24h,A,STGCN,NSE,0.636618630,5.000000000
24h,B,STGCN,NSE,0.807035620,2.000000000
24h,C,STGCN,NSE,0.647802594,8.000000000
24h,D,STGCN,NSE,0.831417953,3.000000000
24h,E,STGCN,NSE,0.950739445,7.000000000
24h,F,STGCN,NSE,0.573763900,3.000000000
24h,G,STGCN,NSE,0.886667166,4.000000000
24h,H,STGCN,NSE,0.901892331,2.000000000
24h,I,STGCN,NSE,0.665631341,2.000000000
24h,J,STGCN,NSE,0.742241521,3.000000000
24h,A,STaR-GNN,NSE,0.642687421,4.000000000
24h,B,STaR-GNN,NSE,0.849737971,1.000000000
24h,C,STaR-GNN,NSE,0.935321788,1.000000000
24h,D,STaR-GNN,NSE,0.853352374,1.000000000
24h,E,STaR-GNN,NSE,0.987583317,1.000000000
24h,F,STaR-GNN,NSE,0.669985104,1.000000000
24h,G,STaR-GNN,NSE,0.940458326,1.000000000
24h,H,STaR-GNN,NSE,0.929347643,1.000000000
24h,I,STaR-GNN,NSE,0.765764005,1.000000000
24h,J,STaR-GNN,NSE,0.843619155,1.000000000
168h,A,DCRNN,NSE,0.370332183,9.000000000
168h,B,DCRNN,NSE,0.400386260,9.000000000
168h,C,DCRNN,NSE,0.593940919,8.000000000
168h,D,DCRNN,NSE,0.760675009,4.000000000
168h,E,DCRNN,NSE,0.924788460,7.000000000
168h,F,DCRNN,NSE,0.501275611,2.000000000
168h,G,DCRNN,NSE,0.804978130,6.000000000
168h,H,DCRNN,NSE,0.701038427,9.000000000
168h,I,DCRNN,NSE,0.242398847,8.000000000
168h,J,DCRNN,NSE,0.581214889,2.000000000
168h,A,STGCN,NSE,0.608997815,7.000000000
168h,B,STGCN,NSE,0.655976736,8.000000000
168h,C,STGCN,NSE,0.799494006,3.000000000
168h,D,STGCN,NSE,0.801603643,2.000000000
168h,E,STGCN,NSE,0.950049574,6.000000000
168h,F,STGCN,NSE,0.276531838,3.000000000
168h,G,STGCN,NSE,0.881327603,3.000000000
168h,H,STGCN,NSE,0.883329408,3.000000000
168h,I,STGCN,NSE,0.306015531,7.000000000
168h,J,STGCN,NSE,0.568800946,3.000000000
168h,A,STaR-GNN,NSE,0.625022798,6.000000000
168h,B,STaR-GNN,NSE,0.785141302,1.000000000
168h,C,STaR-GNN,NSE,0.891963931,1.000000000
168h,D,STaR-GNN,NSE,0.805998220,1.000000000
168h,E,STaR-GNN,NSE,0.966899147,5.000000000
168h,F,STaR-GNN,NSE,0.587543459,1.000000000
168h,G,STaR-GNN,NSE,0.878348541,4.000000000
168h,H,STaR-GNN,NSE,0.914393956,1.000000000
168h,I,STaR-GNN,NSE,0.558060933,2.000000000
168h,J,STaR-GNN,NSE,0.714409720,1.000000000
