task,DMA,model,MAE,MAPE,RMSE,NSE
24h,A,GRU,0.7380000000,11.8000000000,0.8840000000,0.6990000000
24h,A,LSTM,0.7700000000,12.5000000000,0.9300000000,0.6500000000
24h,A,MSNet,0.8800000000,13.6000000000,1.0300000000,0.5770000000
24h,A,MSCMNet-WM,0.9260000000,13.6000000000,1.0810000000,0.5520000000
24h,A,MSCMNet-M,0.8930000000,13.2000000000,1.0540000000,0.5790000000
24h,A,MSCMNet-W,0.7390000000,12.0000000000,0.8760000000,0.7160000000
24h,B,GRU,0.3860000000,4.1000000000,0.4700000000,0.6890000000
24h,B,LSTM,0.3970000000,4.2000000000,0.4800000000,0.6730000000
24h,B,MSNet,0.3730000000,3.9000000000,0.4610000000,0.6830000000
24h,B,MSCMNet-WM,0.3760000000,4.1000000000,0.4340000000,0.7160000000
24h,B,MSCMNet-M,0.3700000000,4.0000000000,0.4330000000,0.7140000000
24h,B,MSCMNet-W,0.3940000000,4.3000000000,0.4540000000,0.6800000000
24h,C,GRU,0.3020000000,11.0000000000,0.3880000000,0.7670000000
24h,C,LSTM,0.6200000000,23.8000000000,0.6870000000,0.2390000000
24h,C,MSNet,0.3140000000,9.6000000000,0.3910000000,0.7440000000
24h,C,MSCMNet-WM,0.2430000000,9.0000000000,0.3050000000,0.8480000000
24h,C,MSCMNet-M,0.3180000000,11.5000000000,0.3770000000,0.7580000000
24h,C,MSCMNet-W,0.2990000000,11.0000000000,0.3670000000,0.7820000000
24h,D,GRU,3.1440000000,9.1000000000,3.7470000000,0.6170000000
24h,D,LSTM,2.3390000000,7.1000000000,2.9200000000,0.7740000000
24h,D,MSNet,3.7280000000,12.7000000000,4.2980000000,0.2720000000
24h,D,MSCMNet-WM,3.6550000000,10.8000000000,4.1280000000,0.5060000000
24h,D,MSCMNet-M,3.1420000000,9.4000000000,3.6030000000,0.6250000000
24h,D,MSCMNet-W,3.2630000000,9.7000000000,3.7000000000,0.5970000000
24h,E,GRU,3.4750000000,4.5000000000,4.4570000000,0.8750000000
24h,E,LSTM,2.7700000000,3.5000000000,3.6700000000,0.9130000000
24h,E,MSNet,1.8670000000,2.3000000000,2.2860000000,0.9720000000
24h,E,MSCMNet-WM,1.8370000000,2.4000000000,2.2400000000,0.9720000000
24h,E,MSCMNet-M,1.9660000000,2.5000000000,2.4600000000,0.9650000000
24h,E,MSCMNet-W,1.8640000000,2.4000000000,2.3010000000,0.9710000000
24h,F,GRU,1.9640000000,17.9000000000,2.1440000000,-1.5130000000
24h,F,LSTM,2.5370000000,23.1000000000,2.6630000000,-2.8660000000
24h,F,MSNet,1.4250000000,14.9000000000,1.6210000000,-2.3920000000
24h,F,MSCMNet-WM,1.3350000000,11.6000000000,1.5200000000,-0.3610000000
24h,F,MSCMNet-M,1.2410000000,10.8000000000,1.4280000000,-0.1870000000
24h,F,MSCMNet-W,1.3720000000,12.0000000000,1.5510000000,-0.3910000000
24h,G,GRU,1.2930000000,4.9000000000,1.6660000000,0.8130000000
24h,G,LSTM,2.1010000000,8.1000000000,2.5940000000,0.5970000000
24h,G,MSNet,1.2510000000,4.6000000000,1.5800000000,0.8030000000
24h,G,MSCMNet-WM,1.1570000000,4.7000000000,1.3480000000,0.8840000000
24h,G,MSCMNet-M,1.1310000000,4.4000000000,1.3360000000,0.8840000000
24h,G,MSCMNet-W,1.0320000000,4.1000000000,1.2270000000,0.9020000000
24h,H,GRU,1.5260000000,7.0000000000,2.0420000000,0.8870000000
24h,H,LSTM,2.1330000000,9.2000000000,2.7440000000,0.8140000000
24h,H,MSNet,2.0460000000,9.0000000000,2.4890000000,0.8210000000
24h,H,MSCMNet-WM,1.7550000000,6.9000000000,2.1960000000,0.8850000000
24h,H,MSCMNet-M,2.0910000000,8.2000000000,2.5440000000,0.8460000000
24h,H,MSCMNet-W,2.0030000000,7.9000000000,2.4060000000,0.8610000000
24h,I,GRU,1.4980000000,6.2000000000,1.8550000000,-0.3410000000
24h,I,LSTM,1.5630000000,6.4000000000,1.9140000000,-0.2570000000
24h,I,MSNet,1.7830000000,7.6000000000,2.1330000000,-0.4690000000
24h,I,MSCMNet-WM,1.4770000000,5.8000000000,1.7980000000,0.3720000000
24h,I,MSCMNet-M,1.8050000000,7.0000000000,2.1310000000,0.1930000000
24h,I,MSCMNet-W,1.5840000000,6.2000000000,1.9010000000,0.2870000000
24h,J,GRU,1.9880000000,8.8000000000,2.3090000000,-0.1560000000
24h,J,LSTM,2.4670000000,11.0000000000,2.8030000000,-0.8330000000
24h,J,MSNet,1.8710000000,7.5000000000,2.1120000000,0.2730000000
24h,J,MSCMNet-WM,2.0280000000,9.1000000000,2.2710000000,0.0880000000
24h,J,MSCMNet-M,1.9550000000,8.8000000000,2.2060000000,0.1410000000
24h,J,MSCMNet-W,1.9210000000,8.7000000000,2.1580000000,0.1710000000
168h,A,GRU,0.8280000000,13.3000000000,1.0280000000,0.7060000000
168h,A,LSTM,0.8080000000,13.0000000000,1.0060000000,0.7180000000
168h,A,MSNet,0.8690000000,13.4000000000,1.0550000000,0.5880000000
168h,A,MSCMNet-WM,0.9490000000,13.8000000000,1.1350000000,0.6420000000
168h,A,MSCMNet-M,0.8090000000,12.3000000000,0.9850000000,0.7350000000
168h,A,MSCMNet-W,0.7330000000,11.7000000000,0.8890000000,0.7840000000
168h,B,GRU,0.3930000000,4.2000000000,0.4930000000,0.6980000000
168h,B,LSTM,0.3990000000,4.2000000000,0.4990000000,0.6880000000
168h,B,MSNet,0.3830000000,4.0000000000,0.4790000000,0.6740000000
168h,B,MSCMNet-WM,0.3990000000,4.4000000000,0.4630000000,0.7220000000
168h,B,MSCMNet-M,0.4060000000,4.5000000000,0.4760000000,0.7040000000
168h,B,MSCMNet-W,0.4200000000,4.6000000000,0.4870000000,0.6900000000
168h,C,GRU,0.3030000000,11.1000000000,0.4150000000,0.7430000000
168h,C,LSTM,0.6300000000,24.1000000000,0.6980000000,0.2760000000
168h,C,MSNet,0.3100000000,9.5000000000,0.3980000000,0.7500000000
168h,C,MSCMNet-WM,0.2340000000,8.7000000000,0.3040000000,0.8610000000
168h,C,MSCMNet-M,0.3240000000,11.9000000000,0.3860000000,0.7770000000
168h,C,MSCMNet-W,0.2940000000,10.8000000000,0.3680000000,0.7960000000
168h,D,GRU,3.2850000000,9.5000000000,3.9880000000,0.5850000000
168h,D,LSTM,2.3420000000,7.0000000000,2.9840000000,0.7720000000
168h,D,MSNet,3.8040000000,13.0000000000,4.4520000000,0.2540000000
168h,D,MSCMNet-WM,3.7620000000,11.1000000000,4.3050000000,0.5060000000
168h,D,MSCMNet-M,3.2810000000,9.7000000000,3.8110000000,0.6140000000
168h,D,MSCMNet-W,3.3640000000,10.0000000000,3.8750000000,0.5970000000
168h,E,GRU,3.4840000000,4.5000000000,5.0540000000,0.8720000000
168h,E,LSTM,2.7600000000,3.5000000000,4.1950000000,0.9120000000
168h,E,MSNet,1.8640000000,2.3000000000,2.3650000000,0.9720000000
168h,E,MSCMNet-WM,1.8540000000,2.4000000000,2.3650000000,0.9720000000
168h,E,MSCMNet-M,1.8190000000,2.4000000000,2.4160000000,0.9710000000
168h,E,MSCMNet-W,1.8810000000,2.4000000000,2.3870000000,0.9710000000
168h,F,GRU,2.2050000000,20.0000000000,2.3920000000,-1.7810000000
168h,F,LSTM,2.6480000000,24.0000000000,2.7910000000,-2.7720000000
168h,F,MSNet,1.4720000000,15.4000000000,1.7020000000,-2.5430000000
168h,F,MSCMNet-WM,1.3840000000,12.0000000000,1.6110000000,-0.3030000000
168h,F,MSCMNet-M,1.5180000000,13.2000000000,1.7380000000,-0.5120000000
168h,F,MSCMNet-W,1.4250000000,12.4000000000,1.6430000000,-0.3460000000
168h,G,GRU,1.2660000000,4.8000000000,1.8380000000,0.8030000000
168h,G,LSTM,2.1420000000,8.3000000000,2.7050000000,0.5780000000
168h,G,MSNet,1.2760000000,4.7000000000,1.6700000000,0.8020000000
168h,G,MSCMNet-WM,1.2170000000,4.9000000000,1.4300000000,0.8770000000
168h,G,MSCMNet-M,1.0690000000,4.2000000000,1.2920000000,0.9010000000
168h,G,MSCMNet-W,1.0750000000,4.3000000000,1.2950000000,0.9000000000
168h,H,GRU,1.6550000000,7.5000000000,2.2430000000,0.8880000000
168h,H,LSTM,2.1700000000,9.3000000000,2.8100000000,0.8240000000
168h,H,MSNet,2.1320000000,9.4000000000,2.6310000000,0.8080000000
168h,H,MSCMNet-WM,1.8300000000,7.2000000000,2.3120000000,0.8800000000
168h,H,MSCMNet-M,2.1960000000,8.6000000000,2.7010000000,0.8350000000
168h,H,MSCMNet-W,2.0910000000,8.3000000000,2.5420000000,0.8540000000
168h,I,GRU,1.5930000000,6.6000000000,2.0700000000,0.5230000000
168h,I,LSTM,1.7410000000,7.1000000000,2.1860000000,0.4750000000
168h,I,MSNet,1.8090000000,7.8000000000,2.2100000000,0.0210000000
168h,I,MSCMNet-WM,1.5030000000,5.9000000000,1.8750000000,0.6040000000
168h,I,MSCMNet-M,1.8140000000,7.1000000000,2.1960000000,0.4500000000
168h,I,MSCMNet-W,1.6090000000,6.3000000000,1.9850000000,0.5500000000
168h,J,GRU,3.2930000000,14.7000000000,3.9180000000,-0.3450000000
168h,J,LSTM,3.0370000000,13.6000000000,3.6470000000,-0.1950000000
168h,J,MSNet,1.9900000000,7.9000000000,2.3050000000,0.3980000000
168h,J,MSCMNet-WM,2.1580000000,9.8000000000,2.4430000000,0.3890000000
168h,J,MSCMNet-M,2.1680000000,9.8000000000,2.4610000000,0.3920000000
168h,J,MSCMNet-W,2.0580000000,9.4000000000,2.3370000000,0.4260000000
24h,A,DCRNN,1.0203675539,15.9364747300,1.5315690389,0.4449228065
24h,B,DCRNN,0.3706519906,3.8499216800,0.4896396706,0.7318109036
24h,C,DCRNN,0.3030954584,10.1988860000,0.4018766501,0.7611339123
24h,D,DCRNN,2.0524055163,6.3669583800,2.5956689507,0.8435797753
24h,E,DCRNN,1.6182172679,1.9852453900,2.1305072433,0.9777956861
24h,F,DCRNN,0.7163408818,6.6477662400,0.8886880245,0.5791839768
24h,G,DCRNN,1.0022710043,3.8919971400,1.2963087445,0.9052926958
24h,H,DCRNN,1.9012301832,7.7794047700,2.4427212306,0.8669822269
24h,I,DCRNN,1.7086670710,6.6438153300,2.1758731008,0.3599000009
24h,J,DCRNN,1.2240567587,5.2430634500,1.5496392393,0.8293061576
24h,A,STGCN,0.8261006429,12.5582898400,1.2391994592,0.6366186303
24h,B,STGCN,0.3138476580,3.3420598900,0.4153312536,0.8070356198
24h,C,STGCN,0.4143265021,16.1203152200,0.4879873924,0.6478025939
24h,D,STGCN,2.1428031835,6.5977181500,2.6946881398,0.8314179529
24h,E,STGCN,2.3865403023,2.8540877900,3.1733208511,0.9507394452
24h,F,STGCN,0.7203390417,6.6590442200,0.8943928294,0.5737638999
24h,G,STGCN,1.1116534109,4.2512329100,1.4180599352,0.8866671664
24h,H,STGCN,1.5954751770,7.2303238500,2.0978312407,0.9018923313
24h,I,STGCN,1.3045567119,5.3127620700,1.5726150653,0.6656313408
24h,J,STGCN,1.5420484128,6.8786303200,1.9042683860,0.7422415213
24h,A,STaR-GNN,0.8061117787,12.4126303600,1.2288080264,0.6426874207
24h,B,STaR-GNN,0.2640247077,2.7750966000,0.3665056408,0.8497379709
24h,C,STaR-GNN,0.1607666443,5.3978967100,0.2091194974,0.9353217884
24h,D,STaR-GNN,2.0169201502,6.2777836900,2.5132770623,0.8533523741
24h,E,STaR-GNN,1.2576732221,1.5565004100,1.5931883854,0.9875833171
24h,F,STaR-GNN,0.6259946732,5.8889275100,0.7869913619,0.6699851040
24h,G,STaR-GNN,0.8102728578,3.1027616500,1.0278440641,0.9404583264
24h,H,STaR-GNN,1.2550205200,5.3787642300,1.7802557567,0.9293476427
24h,I,STaR-GNN,1.0448147110,4.2851947100,1.3162441890,0.7657640050
24h,J,STaR-GNN,1.1825999402,5.2047391200,1.4832469207,0.8436191549
168h,A,DCRNN,1.1772848013,16.2627711100,1.6175801265,0.3703321831
168h,B,DCRNN,0.5853862589,6.3493515600,0.7331654687,0.4003862596
168h,C,DCRNN,0.4117884068,14.2373705700,0.5222888168,0.5939409193
168h,D,DCRNN,2.5395067901,7.6982664200,3.1965917289,0.7606750090
168h,E,DCRNN,2.9231837220,3.6424063800,3.9192289590,0.9247884603
168h,F,DCRNN,0.7678297869,7.3318783600,0.9502862673,0.5012756115
168h,G,DCRNN,1.4340387166,5.6214312500,1.8597452410,0.8049781299
168h,H,DCRNN,3.0466129908,13.7746929800,3.6829591394,0.7010384265
168h,I,DCRNN,1.9416057511,7.7902758300,2.3733399184,0.2423988466
168h,J,DCRNN,1.9735066409,8.5342829700,2.4440813227,0.5812148886
168h,A,STGCN,0.9007087082,13.2136075800,1.2746755234,0.6089978150
168h,B,STGCN,0.4407941813,4.7413236900,0.5553414886,0.6559767355
168h,C,STGCN,0.3058393023,11.3124587700,0.3670116017,0.7994940063
168h,D,STGCN,2.3459017250,7.1158698600,2.9104489958,0.8016036426
168h,E,STGCN,2.6848304084,3.3636823900,3.1939491233,0.9500495740
168h,F,STGCN,0.9476906486,8.5971418800,1.1445476074,0.2765318380
168h,G,STGCN,1.1695031490,4.4900228800,1.4507302119,0.8813276027
168h,H,STGCN,1.9161273046,7.7113960800,2.3007525702,0.8833294081
168h,I,STGCN,1.8900114184,7.4186810700,2.2715092300,0.3060155313
168h,J,STGCN,1.9677731603,8.7230999600,2.4800414269,0.5688009458
168h,A,STaR-GNN,0.8594634745,12.4448738000,1.2482813633,0.6250227976
168h,B,STaR-GNN,0.3373338101,3.5869776700,0.4388768602,0.7851413024
168h,C,STaR-GNN,0.2051712279,6.6474925600,0.2694018040,0.8919639313
168h,D,STaR-GNN,2.3024518771,6.9695761700,2.8780345501,0.8059982199
168h,E,STaR-GNN,2.0906090884,2.5358123500,2.6000277779,0.9668991471
168h,F,STaR-GNN,0.6945553594,6.4533581800,0.8641979814,0.5875434593
168h,G,STaR-GNN,1.1547547367,4.3403691300,1.4688263642,0.8783485407
168h,H,STaR-GNN,1.5336636659,6.3135455500,1.9707948925,0.9143939565
168h,I,STaR-GNN,1.4544642396,5.8734418900,1.8126786838,0.5580609327
168h,J,STaR-GNN,1.6011229197,6.8737794600,2.0183280055,0.7144097205
